Price,Adj Close,Close,High,Low,Open,Volume,Normalized_Open,Normalized_High,Normalized_Low,Normalized_Close,Normalized_Volume
Ticker,SBUX,SBUX,SBUX,SBUX,SBUX,SBUX,,,,,
Date,,,,,,,,,,,
2023-01-03,96.24755859375,100.83000183105469,101.16999816894531,99.47000122070312,100.55999755859375,6607700,0.4337397898690938,0.4137647258856787,0.40974447927708413,0.45255187791749085,0.16257788620489902
2023-01-04,99.71258544921875,104.45999908447266,104.7300033569336,102.55000305175781,102.69000244140625,8166600,0.5203253595817605,0.5596067846279449,0.532747742793132,0.5972886439721532,0.2359969669710685
2023-01-05,99.68395233154297,104.43000030517578,105.0999984741211,103.48999786376953,104.48999786376953,5575100,0.5934959097448775,0.5747643045656345,0.570287470334788,0.596092520119186,0.11394581051104655
2023-01-06,101.84123229980469,106.69000244140625,107.0,105.01000213623047,105.37999725341797,9644100,0.6296747489665426,0.6526013074673664,0.6309905141401253,0.6862042688723364,0.305582374522557
2023-01-09,99.97986602783203,104.73999786376953,106.68000030517578,104.43000030517578,106.5199966430664,10124800,0.676016190444586,0.6394919405351138,0.6078275025647133,0.6084528722030487,0.328221769047092
2023-01-10,101.1825942993164,106.0,106.43000030517578,104.16999816894531,104.36000061035156,4183600,0.5882114682212443,0.6292502378520433,0.5974440310501721,0.6586922034444833,0.0484107210979188
2023-01-11,101.46896362304688,106.30000305175781,106.44000244140625,104.86000061035156,105.80999755859375,5634400,0.6471544372530333,0.6296599934739153,0.6250000380860334,0.67065405037896,0.1167386461576139
2023-01-12,101.0394058227539,105.8499984741211,106.44000244140625,105.16999816894531,106.29000091552734,4882000,0.6666667700460032,0.6296599934739153,0.637380131826426,0.6527112799772454,0.08130307211921123
2023-01-13,102.35669708251953,107.2300033569336,107.30000305175781,105.06999969482422,105.06999969482422,5529700,0.617073221412797,0.6648914757078361,0.6333865826864549,0.7077354108329517,0.11180761930777236
2023-01-17,101.89851379394531,106.75,107.5999984741211,106.30999755859375,106.94999694824219,7477200,0.6934958787310768,0.6771813313963446,0.6829072623362946,0.6885965165782708,0.20352848645262775
2023-01-18,100.22804260253906,105.0,107.47000122070312,104.91000366210938,107.13999938964844,5725800,0.7012195556900869,0.6718557585198544,0.6269969650001541,0.6188197859327684,0.12104328659768568
2023-01-19,99.52167510986328,104.26000213623047,105.69999694824219,104.23999786376953,105.0,5115800,0.614227705186531,0.5993443284946127,0.6002395459169789,0.5893142821507715,0.0923142858488478
2023-01-20,100.26622772216797,105.04000091552734,105.19999694824219,103.88999938964844,104.4000015258789,6543500,0.5898375217988256,0.5788609231284698,0.5862619715829438,0.6204147191375253,0.15955427661789015
2023-01-23,101.38304138183594,106.20999908447266,106.88999938964844,104.4000015258789,105.04000091552734,6320500,0.6158537587641124,0.6480949332826582,0.606629468291549,0.6670653746176556,0.14905170749167565
2023-01-24,101.79351043701172,106.63999938964844,106.87000274658203,105.41000366210938,106.4000015258789,5517200,0.6711383398498496,0.6472757345908762,0.6469650153882811,0.6842105263157898,0.1112189102760339
2023-01-25,102.1180648803711,106.9800033569336,107.13999938964844,105.9000015258789,106.05999755859375,5416900,0.6573170395094117,0.6583366359657297,0.6665336194559299,0.6977673064550225,0.10649510900536432
2023-01-26,103.8171615600586,108.76000213623047,108.80000305175781,107.05999755859375,107.30000305175781,6324100,0.7077237700004124,0.7263416918062631,0.7128593379184855,0.7687401609534921,0.14922125569281633
2023-01-27,104.06533813476562,109.0199966430664,109.76000213623047,108.33999633789062,108.73999786376953,6851100,0.7662601481033047,0.76566979260302,0.7639774981619678,0.7791067704808072,0.17404122847091072
2023-01-30,103.47351837158203,108.4000015258789,108.87000274658203,107.41999816894531,108.26000213623047,6880700,0.7467481254483435,0.7292093560554442,0.7272363585729988,0.7543860663130819,0.17543529145806744
2023-01-31,104.17989349365234,109.13999938964844,109.1500015258789,107.5,108.26000213623047,5816300,0.7467481254483435,0.7406800130521698,0.730431319760283,0.7838915700950779,0.12530553998747226
2023-02-01,104.99125671386719,109.98999786376953,110.77999877929688,107.9800033569336,108.97000122070312,5841200,0.7756098786398962,0.807455802027087,0.7496007821957238,0.8177830641395558,0.12647824837869534
2023-02-02,104.18943786621094,109.1500015258789,110.83000183105469,108.0,110.04000091552734,9852900,0.8191058038916736,0.8095042675844861,0.7503993701484108,0.7842903794468685,0.3154161701887166
2023-02-03,99.55984497070312,104.30000305175781,106.44000244140625,103.04000091552734,104.58000183105469,15200500,0.597154607828938,0.6296599934739153,0.5523163468607817,0.5909092153555284,0.5672706036386929
2023-02-06,100.24713134765625,105.0199966430664,106.16999816894531,103.30000305175781,104.0,6392200,0.5735772961610186,0.6185987795470997,0.5626998183753229,0.619617100433945,0.1524285424977276
2023-02-07,101.97488403320312,106.83000183105469,107.37999725341797,104.55999755859375,104.83000183105469,6207500,0.6073172100853164,0.6681685830269282,0.6130190859778497,0.6917863829877846,0.1437297778447598
2023-02-08,101.46896362304688,106.30000305175781,106.54000091552734,105.6500015258789,106.31999969482422,5557500,0.6678862326946868,0.6337566120367515,0.6565495942618669,0.67065405037896,0.11311690819435874
2023-02-09,101.7375717163086,106.05000305175781,106.61000061035156,105.5999984741211,105.7300033569336,5608400,0.6439026402358792,0.6366242762859327,0.6545526673477462,0.6606859460010308,0.11551413137159786
2023-02-10,102.73529052734375,107.08999633789062,107.26000213623047,105.47000122070312,105.5199966430664,6298600,0.6353657814190736,0.66325276577231,0.6493610839346098,0.7021529925150998,0.14802028926806984
2023-02-13,104.10712432861328,108.5199966430664,108.93000030517578,107.27999877929688,107.44999694824219,5192400,0.7138210832438325,0.7316672646827533,0.7216453288393843,0.7591705617249489,0.09592189479534119
2023-02-14,103.58909606933594,107.9800033569336,108.47000122070312,106.69999694824219,107.93000030517578,5109400,0.7333334160368024,0.7128225692521384,0.6984823172639723,0.7376397239667383,0.0920128668245977
2023-02-15,104.56761169433594,109.0,109.0,107.26000213623047,107.5,4059100,0.7158537277503116,0.7345349289319354,0.7208467408866972,0.7783094559796306,0.04254717914180353
2023-02-16,103.1669692993164,107.54000091552734,109.0999984741211,107.41000366210938,107.76000213623047,4596800,0.7264229209355877,0.7386315474947707,0.72683721694079,0.7200957629168143,0.06787108685106605
2023-02-17,102.744873046875,107.0999984741211,107.45999908447266,106.2300033569336,106.73999786376953,6876400,0.6849593300522798,0.6714460028979823,0.6797126058372789,0.7025518018668904,0.17523277555114938
2023-02-21,100.51920318603516,104.77999877929688,105.94999694824219,104.70999908447266,105.5,5438000,0.6345529096992877,0.6095860311776833,0.6190095620319416,0.6100478054078065,0.1074888498509389
2023-02-22,100.50961303710938,104.7699966430664,105.94000244140625,104.38999938964844,105.41000366210938,7523700,0.6308945217532349,0.6091765881077733,0.6062300219710708,0.6096489960560159,0.2057184840506949
2023-02-23,99.30086517333984,103.51000213623047,105.51000213623047,102.62999725341797,105.51000213623047,6857900,0.6349595006281845,0.5915608469908125,0.5359423992921477,0.5594099690169849,0.17436148618417643
2023-02-24,97.4685287475586,101.5999984741211,102.72000122070312,100.81999969482422,102.6500015258789,6019700,0.5186993060041791,0.47726340754150387,0.4636581543873741,0.48325350555245405,0.13488501335192085
2023-02-27,98.27436828613281,102.44000244140625,103.30000305175781,102.1500015258789,102.33000183105469,5235100,0.5056911875215357,0.5010242327786991,0.5167732415449771,0.516746494447546,0.09793292484775987
2023-02-28,97.93860626220703,102.08999633789062,102.94999694824219,101.9000015258789,101.98999786376953,5186500,0.4918698871810969,0.4866855989808303,0.5067892163509131,0.5027909049565218,0.09564402413236064
2023-03-01,97.3054428100586,101.43000030517578,102.33000183105469,100.91000366210938,102.19000244140625,5382200,0.5000001550690047,0.4612863763600701,0.4672525618951364,0.4764752675840396,0.10486085273325832
2023-03-02,98.8211898803711,103.01000213623047,103.16999816894531,100.94000244140625,101.27999877929688,4777600,0.4630081339895442,0.49569834735024676,0.46845059616830076,0.5394737602611275,0.07638617428613143
2023-03-03,100.29857635498047,104.55000305175781,104.69000244140625,103.01000213623047,103.4000015258789,4882100,0.5491871127733132,0.5579680746924178,0.5511183125876165,0.6008773197334576,0.08130778179146514
2023-03-06,100.7206802368164,104.98999786376953,105.94000244140625,104.44000244140625,104.44999694824219,5237100,0.5918698561672961,0.6091765881077733,0.6082269488851915,0.6184209765809778,0.098027118292838
2023-03-07,99.13776397705078,103.33999633789062,105.68000030517578,103.12000274658203,104.98999786376953,3976300,0.6138211142576333,0.5985251298028298,0.5555113080480667,0.5526314268461658,0.03864757051556783
2023-03-08,98.33192443847656,102.5,103.0199966430664,101.7300033569336,102.9000015258789,4225500,0.5288619082605575,0.48955326323001236,0.5000001523441342,0.5191387421534794,0.05038407377230619
2023-03-09,96.22139739990234,100.30000305175781,102.75,99.95999908447266,102.73999786376953,5732300,0.522357693950231,0.47849236185515887,0.42931308334473384,0.43141954530866666,0.12134941529418966
2023-03-10,95.33878326416016,99.37999725341797,101.23999786376953,99.02999877929688,100.62000274658203,6641900,0.4361790253044706,0.41663239013485986,0.39217249743528626,0.394736690004061,0.16418859411573553
2023-03-13,95.0510025024414,99.08000183105469,100.19999694824219,98.37000274658203,98.91000366210938,6408200,0.3666668630874055,0.3740268694670488,0.3658148293608585,0.3827751472719889,0.15318209005835284
2023-03-14,95.4155502319336,99.45999908447266,100.37999725341797,98.47000122070312,100.11000061035156,6248800,0.4154472298628171,0.38140090790093817,0.36980837850083015,0.3979265564135752,0.14567487248562375
2023-03-15,95.30043029785156,99.33999633789062,99.37000274658203,97.27999877929688,98.4000015258789,6603300,0.345935067645752,0.34002465409874416,0.32228432107684135,0.3931417567993041,0.16237066062572705
2023-03-16,96.34609985351562,100.43000030517578,100.70999908447266,99.02999877929688,99.13999938964844,8188600,0.37601628348598837,0.39492003045506285,0.39217249743528626,0.4366028500723238,0.23703309486692822
2023-03-17,94.68645477294922,98.69999694824219,99.29000091552734,97.83999633789062,99.06999969482422,10189700,0.3731707672597233,0.33674723422769004,0.3446484400112979,0.36762343392799846,0.3312783463398782
2023-03-20,95.7896957397461,99.8499984741211,100.22000122070312,98.93000030517578,99.0999984741211,4864000,0.374390229908407,0.3748463807107929,0.38817894829531463,0.4134767749069521,0.08045533111350783
2023-03-21,96.4516372680664,100.54000091552734,101.19000244140625,100.13999938964844,100.51000213623047,4743700,0.4317074555006233,0.41458423712942283,0.43650159367199004,0.4409888403348048,0.07478959539205668
2023-03-22,95.08938598632812,99.12000274658203,101.4800033569336,99.05999755859375,100.69000244140625,5917700,0.43902454153073567,0.42646464974802045,0.39337053170845104,0.3843700804767458,0.13008114765293485
2023-03-23,94.41783905029297,98.41999816894531,100.12999725341797,97.5199966430664,99.33999633789062,6879200,0.3841462412358876,0.3711592052178676,0.3318688999504271,0.35645920569710254,0.17536464637425883
2023-03-24,94.3410873413086,98.33999633789062,98.43000030517578,97.19000244140625,98.22000122070312,4685400,0.33861798161563916,0.30151575199376923,0.31869021825734745,0.3532693392875883,0.07204385646802841
2023-03-27,94.64808654785156,98.66000366210938,99.72000122070312,98.58000183105469,98.91999816894531,6022200,0.3670731438782946,0.3543629753446509,0.3742013739612795,0.36602880492564527,0.13500275515826857
2023-03-28,94.70563507080078,98.72000122070312,98.91000366210938,98.08000183105469,98.13999938964844,4709800,0.3353658744604764,0.3211799586681283,0.3542333235731525,0.36842105263157876,0.0731930164979819
2023-03-29,96.52838134765625,100.62000274658203,100.69000244140625,98.73999786376953,99.33000183105469,4946600,0.3837399604449985,0.3941008317632808,0.38059099164758026,0.4441787067443195,0.08434552039523571
2023-03-30,97.19991302490234,101.31999969482422,101.69999694824219,100.6500015258789,101.44000244140625,4082600,0.46951234829986976,0.4354770855654757,0.4568690903805952,0.4720892773215586,0.043653952121471884
2023-03-31,99.89564514160156,104.12999725341797,104.27999877929688,101.83999633789062,101.83999633789062,6900100,0.4857722637996682,0.5411715322672399,0.5043928431163152,0.5841306731847102,0.17634896787532559
2023-04-03,100.58637237548828,104.8499984741211,104.94000244140625,103.66999816894531,104.05999755859375,3855400,0.5760162214583868,0.5682097773754884,0.5774759806620451,0.6128388624655297,0.03295357676059324
2023-04-04,99.77093505859375,104.0,105.01000213623047,103.3499984741211,104.8499984741211,3854400,0.6081300818051023,0.5710774416246704,0.5646964406011743,0.5789473684210527,0.03290648003805416
2023-04-05,100.63433837890625,104.9000015258789,105.69999694824219,103.93000030517578,103.9800033569336,5170900,0.5727644244412327,0.5993443284946127,0.5878594521765863,0.6148326050220771,0.09490931526075103
2023-04-06,100.42327880859375,104.68000030517578,105.16000366210938,104.0199966430664,104.9000015258789,3155700,0.6101627263115814,0.5772225257449048,0.5914535549960802,0.6060606244971152,0.0
2023-04-10,100.48085021972656,104.73999786376953,104.81999969482422,103.06999969482422,103.55000305175781,3761600,0.5552847361547419,0.5632936475689081,0.553514381133946,0.6084528722030487,0.02853590418642768
2023-04-11,101.440185546875,105.73999786376953,106.4000015258789,104.91999816894531,105.05999755859375,4010600,0.6166666304838992,0.6280212835383883,0.627396106632363,0.6483252897147644,0.04026298809865822
2023-04-12,101.3058853149414,105.5999984741211,106.58000183105469,105.3499984741211,106.23999786376953,4606000,0.6646341255395241,0.6353953219722777,0.6445686421536831,0.6427431755993163,0.06830437669842557
2023-04-13,102.63935089111328,106.98999786376953,107.2300033569336,106.25,106.37999725341797,4367600,0.670325157992055,0.662023811458655,0.6805111937899659,0.6981658116044094,0.05707651804510924
2023-04-14,103.0998306274414,107.47000122070312,108.16999816894531,106.8499984741211,106.91000366210938,3963300,0.691870135291504,0.7005324010116687,0.7044727933180641,0.7173047058590902,0.03803531312255981
2023-04-17,103.90567016601562,108.30999755859375,108.6500015258789,107.55999755859375,107.95999908447266,4780700,0.734552878685486,0.7201966076860278,0.7328273883066125,0.7507973905517775,0.07653217412600258
2023-04-18,103.52192687988281,107.91000366210938,109.2300033569336,107.7300033569336,108.87000274658203,5300500,0.7715448997649466,0.7439574329232239,0.7396167570016599,0.7348486669090142,0.10101305050181558
2023-04-19,102.80243682861328,107.16000366210938,107.86000061035156,107.08000183105469,107.69000244140625,4617800,0.7235774047093217,0.6878327897012881,0.713658230559441,0.7049443537752276,0.06886011802438669
2023-04-20,102.69691467285156,107.05000305175781,107.58000183105469,106.19000244140625,106.19000244140625,4297200,0.6626017911710536,0.6763621327045626,0.6781151252436364,0.7005583635127466,0.053760908778358124
2023-04-21,103.7905502319336,108.19000244140625,108.77999877929688,106.66000366210938,107.30000305175781,4522800,0.7077237700004124,0.7255221805625189,0.696885141358599,0.7460128951399105,0.06438592938317422
2023-04-24,104.8458251953125,109.29000091552734,109.29000091552734,108.04000091552734,108.19000244140625,5940700,0.7439026092220775,0.746415341550533,0.7519968507420534,0.7898724935623167,0.13116437227133362
2023-04-25,104.89378356933594,109.33999633789062,111.11000061035156,108.83000183105469,108.91000366210938,8747100,0.773170953342528,0.8209749245812117,0.7835464069178859,0.7918659319164596,0.26333661440500356
2023-04-26,106.93717193603516,111.47000122070312,112.33000183105469,109.01000213623047,109.01000213623047,8081600,0.7772359322174776,0.8709544836829122,0.790734917245143,0.8767943759059524,0.23199374555524685
2023-04-27,108.16511535644531,112.75,112.87999725341797,111.18000030517578,111.38999938964844,7618500,0.873983794048514,0.8934860420544912,0.8773961828044299,0.9278310216485637,0.2101832533473996
2023-04-28,109.64250183105469,114.29000091552734,114.30999755859375,112.29000091552734,112.41999816894531,5973400,0.9158536657227101,0.9520685939037361,0.9217252790411341,0.9892345811208947,0.13270443509836152
2023-05-01,109.9015121459961,114.55999755859375,115.4800033569336,114.25,114.25,6495900,0.9902439886725194,1.0000000000000004,0.9999999999999996,0.9999999999999996,0.15731247262503004
2023-05-02,109.80559539794922,114.45999908447266,114.55999755859375,112.8499984741211,114.48999786376953,9626400,1.0,0.9623102965868076,0.9440893979755898,0.9960128190893092,0.30474876253361527
2023-05-03,99.73255920410156,103.95999908447266,109.72000122070312,103.80000305175781,109.08000183105469,24388600,0.7800814484437435,0.7640310826674939,0.5826678687634499,0.5773524352162958,1.0
2023-05-04,100.46165466308594,104.72000122070312,105.66999816894531,103.80000305175781,104.2699966430664,8858100,0.5845527701371838,0.5981153741809577,0.5826678687634499,0.6076555577018721,0.26856435060684125
2023-05-05,102.85039520263672,107.20999908447266,107.4800033569336,105.37999725341797,105.55000305175781,7812000,0.6365855542057659,0.6722655141417264,0.6457666764268475,0.7069377921293714,0.21929646915871123
2023-05-08,102.8120346069336,107.16999816894531,108.12000274658203,106.93000030517578,107.47000122070312,6090700,0.714634265101628,0.6984842480062308,0.7076677545053491,0.7053428589246136,0.13822888065219543
2023-05-09,102.37074279785156,106.70999908447266,107.18000030517578,106.4000015258789,106.98999786376953,3682400,0.6951219323086582,0.6599753459012558,0.6865016698440578,0.687001583373513,0.024805843761332658
2023-05-10,102.62015533447266,106.97000122070312,108.11000061035156,105.68000030517578,107.16000366210938,4565000,0.7020327375478814,0.6980744923843587,0.6577476285350312,0.6973684971032328,0.06637341107432335
2023-05-11,101.8392105102539,105.62999725341797,106.76000213623047,105.12000274658203,106.44000244140625,4791700,0.6727643934274319,0.6427693604061679,0.6353835096005747,0.6439392994522835,0.07705023807393244
2023-05-12,102.31165313720703,106.12000274658203,106.22000122070312,104.83000183105469,105.76000213623047,5167600,0.6451221028845628,0.6206472451044989,0.6238020038128691,0.6634770030587549,0.09475389607637205
2023-05-15,102.81298065185547,106.63999938964844,106.76000213623047,105.61000061035156,106.11000061035156,4217000,0.6593496840158908,0.6427693604061679,0.6549521136682244,0.6842105263157898,0.04998375163072402
2023-05-16,101.50177764892578,105.27999877929688,106.55999755859375,105.19999694824219,106.41000366210938,3676600,0.6715449307787473,0.6345758107285335,0.6385781660995913,0.6299840141636639,0.024532682770605996
2023-05-17,101.89707946777344,105.69000244140625,106.54000091552734,104.94999694824219,105.95999908447266,4757300,0.6532520606344621,0.6337566120367515,0.6285941409055273,0.6463318513606215,0.07543011081858814
2023-05-18,103.24684143066406,107.08999633789062,107.13999938964844,105.19999694824219,105.41999816894531,5377500,0.631300802544124,0.6583366359657297,0.6385781660995913,0.7021529925150998,0.10463949813732462
2023-05-19,101.72354125976562,105.51000213623047,107.1500015258789,105.31999969482422,107.0,4984700,0.6955285232375559,0.6587463915876017,0.6433706078805179,0.6391548040404165,0.0861399055239746
2023-05-22,99.20719909667969,102.9000015258789,105.69999694824219,102.7699966430664,105.5199966430664,7504300,0.6353657814190736,0.5993443284946127,0.5415334290257623,0.5350877699986465,0.2048048076334368
2023-05-23,96.73907470703125,100.33999633789062,102.13999938964844,100.08000183105469,102.12000274658203,6766300,0.4971546388427388,0.45350258230430773,0.4341055251256609,0.4330141743110194,0.17004742639959688
2023-05-24,96.03527069091797,99.61000061035156,100.80999755859375,99.11000061035156,100.80000305175781,6134800,0.443496111334583,0.399016649017899,0.3953674586225713,0.40390747988081355,0.14030584611616878
2023-05-25,94.90726470947266,98.44000244140625,98.9000015258789,97.7300033569336,98.69999694824219,8177000,0.3581300042706008,0.32077020304625625,0.34025574923911694,0.3572568244006833,0.2364867728854749
2023-05-26,94.99402618408203,98.52999877929688,99.61000061035156,98.33000183105469,98.62999725341797,7276500,0.3552844880443349,0.34985660115994266,0.364217348767216,0.36084519595958353,0.1940761742390347
2023-05-30,94.24201965332031,97.75,98.95999908447266,97.30999755859375,98.88999938964844,6505400,0.3658536812296109,0.32322811167356624,0.32348235535000613,0.3297447589728302,0.1577598914891513
2023-05-31,94.1359634399414,97.63999938964844,98.08000183105469,96.9800033569336,98.02999877929688,10377100,0.3308943046566295,0.2871774307478616,0.31030367365692646,0.3253587687103492,0.34010427214370154
2023-06-01,94.02027130126953,97.5199966430664,98.2300033569336,96.5199966430664,97.58999633789062,6752200,0.31300802544124107,0.2933225148680969,0.2919327991741727,0.3205739690960776,0.16938336261179585
2023-06-02,95.9292221069336,99.5,99.66000366210938,98.19000244140625,98.30999755859375,6220300,0.3422763695616915,0.3519050667173418,0.35862631903360187,0.39952148961833256,0.14433261589326
2023-06-05,96.34378814697266,99.93000030517578,100.87000274658203,99.5,100.04000091552734,6536500,0.4126017136365512,0.4014748701971702,0.4109425135502489,0.41666664131646636,0.15922459956011661
2023-06-06,94.69515228271484,98.22000122070312,100.33000183105469,97.52999877929688,99.73999786376953,8657100,0.40040646687369463,0.37935275489550113,0.33226834627090485,0.3484848438757209,0.25909790937648647
2023-06-07,94.40591430664062,97.91999816894531,98.86000061035156,97.58999633789062,98.55000305175781,6285600,0.3520326910271807,0.3191314931107301,0.33466441481723397,0.33652299694124466,0.14740803187506182
2023-06-08,95.59178161621094,99.1500015258789,99.18000030517578,96.91999816894531,97.6500015258789,6877800,0.31544726087661745,0.3322408600429818,0.3079073004223285,0.38556620432971256,0.17529871096270414
2023-06-09,94.44447326660156,97.95999908447266,98.95999908447266,97.63999938964844,98.80000305175781,5550800,0.36219529328355815,0.32322811167356624,0.3366613417313542,0.338117930146002,0.11280136015334694
2023-06-12,94.9265365600586,98.45999908447266,98.51000213623047,97.5199966430664,97.95999908447266,6705800,0.328048788430364,0.30479317186482247,0.3318688999504271,0.35805413890185944,0.1671980746859826
2023-06-13,95.69783020019531,99.26000213623047,99.47000122070312,98.51000213623047,98.51000213623047,5137900,0.35040663744959843,0.3441212726615803,0.37140585909447266,0.389952194592194,0.09335512341696142
2023-06-14,97.04759216308594,100.66000366210938,101.36000061035156,99.19000244140625,99.55999755859375,9279500,0.39308938084358136,0.42154851994144016,0.3985624198098563,0.4457736399490764,0.28841090948480896
2023-06-15,97.74174499511719,101.37999725341797,101.98999786376953,100.66000366210938,101.33999633789062,6448200,0.46544705928691243,0.44735749818407333,0.45726853670107337,0.4744815250274921,0.155065958959916
2023-06-16,98.21417236328125,101.87000274658203,102.51000213623047,101.4800033569336,102.01000213623047,11708300,0.4926830690388915,0.4686604147939595,0.49001612715007115,0.4940192286339635,0.4027994291877228
2023-06-20,97.63568878173828,101.2699966430664,102.48999786376953,100.9000015258789,101.86000061035156,5506400,0.48658544565746364,0.46784090355021535,0.46685311557465914,0.4700955347650111,0.11071026567261186
2023-06-21,98.21417236328125,101.87000274658203,102.45999908447266,100.36000061035156,100.5999984741211,5508800,0.43536584344667517,0.46661194923656035,0.44528758459288875,0.4940192286339635,0.11082329780670566
2023-06-22,97.23076629638672,100.8499984741211,101.63999938964844,99.63999938964844,101.41999816894531,6125500,0.4686991664420752,0.4330191769381657,0.41653354328386305,0.45334919241866745,0.13986784659655535
2023-06-23,94.81084442138672,98.33999633789062,99.7300033569336,97.5199966430664,99.6500015258789,18770100,0.39674807892764186,0.35477273096652295,0.3318688999504271,0.3532693392875883,0.7353870644141874
2023-06-26,94.70479583740234,98.2300033569336,98.7699966430664,97.4800033569336,98.33999633789062,6069000,0.3434958322103756,0.3154443176178039,0.33027172404505345,0.34888365322751147,0.1372068817730974
2023-06-27,95.17720794677734,98.72000122070312,99.05999755859375,97.7300033569336,98.38999938964844,5034100,0.34552847671685427,0.3273247302364015,0.34025574923911694,0.36842105263157876,0.08846648361740508
2023-06-28,95.07115173339844,98.61000061035156,98.63999938964844,97.30000305175781,98.63999938964844,6581900,0.3556910789732326,0.3101187447413136,0.3230832137177968,0.3640350623690978,0.1613627907633908
2023-06-29,95.1386489868164,98.68000030517578,98.83000183105469,97.9800033569336,98.61000061035156,5113500,0.35447161632454804,0.3179025387970751,0.3502397744331809,0.36682611942682186,0.0922059633870079
2023-06-30,95.50501251220703,99.05999755859375,99.45999908447266,98.54000091552734,99.4000015258789,6228900,0.3865854766712644,0.34371151703970826,0.372603893367637,0.38197752856840816,0.1447376477070961
2023-07-03,95.59178161621094,99.1500015258789,99.56999969482422,98.25,98.7300033569336,3287000,0.3593497770572931,0.3482178912244165,0.361022387579931,0.38556620432971256,0.006183799669381013
2023-07-05,94.9265365600586,98.45999908447266,99.33000183105469,98.29000091552734,99.1500015258789,6365400,0.3764228744148861,0.3383859441632171,0.3626198681735735,0.35805413890185944,0.15116635033368028
2023-07-06,92.74765014648438,96.19999694824219,98.06999969482422,95.91000366210938,97.86000061035156,7153300,0.3239838095554144,0.28676767512598955,0.2675720580138652,0.26794239014870946,0.18827385802222027
2023-07-07,92.60302734375,96.05000305175781,96.66000366210938,95.55000305175781,95.98999786376953,7887400,0.24796743302802327,0.22900463452048925,0.2531950373593519,0.2619617708838753,0.22284756203815778
2023-07-10,95.57249450683594,99.12999725341797,99.52999877929688,96.2300033569336,96.30000305175781,9294600,0.260569270719778,0.3465791812888894,0.28035159807473553,0.38476858562613225,0.289122069995149
2023-07-11,96.49803161621094,100.08999633789062,100.2300033569336,99.13999938964844,99.44000244140625,5271700,0.3882115302488458,0.37525613633266497,0.39656549289573606,0.4230460699330907,0.09965666489269012
2023-07-12,97.5103530883789,101.13999938964844,101.83000183105469,100.76000213623047,101.41999816894531,6971900,0.4686991664420752,0.44080297099392807,0.46126208584104456,0.4649122300013535,0.1797305125536314
2023-07-13,97.953857421875,101.5999984741211,102.19999694824219,101.30000305175781,101.51000213623047,4511700,0.4723578645261357,0.4559604909316177,0.48282761682281405,0.48325350555245405,0.06386315576299045
2023-07-14,97.96349334716797,101.61000061035156,102.08000183105469,100.98999786376953,101.7699966430664,3934400,0.48292674757340315,0.45104467367699863,0.47044721839415216,0.48365231490424465,0.03667421784118044
2023-07-17,97.30789184570312,100.93000030517578,101.80999755859375,100.04000091552734,100.83000183105469,5244500,0.44471557398326667,0.43998345975018394,0.4325080445320184,0.45653905882818213,0.09837563403962718
2023-07-18,97.14399719238281,100.76000213623047,101.41999816894531,99.86000061035156,100.73999786376953,5991000,0.44105687589920617,0.42400642856874926,0.4253195342047622,0.44976082085976676,0.13353333741504927
2023-07-19,98.17559814453125,101.83000183105469,101.9800033569336,100.62000274658203,100.62000274658203,5556200,0.4361790253044706,0.44694805511416247,0.45567105610743086,0.4924242954292066,0.11305568245505795
2023-07-20,97.25969696044922,100.87999725341797,102.4800033569336,100.69999694824219,101.77999877929688,5466100,0.4833333385023,0.4674314604803045,0.4588657126064466,0.45454531627163464,0.10881226775428701
2023-07-21,99.13007354736328,102.81999969482422,103.55000305175781,101.61000061035156,101.80000305175781,20369100,0.4841465203600954,0.5112659354617706,0.49520771056320667,0.5318979035891318,0.8106947237541741
2023-07-24,99.09150695800781,102.77999877929688,103.41000366210938,102.31999969482422,102.87999725341797,4746600,0.528048726402762,0.5055306069634073,0.5235623055517551,0.5303029703843749,0.07492617588742001
2023-07-25,99.22647857666016,102.91999816894531,103.7699966430664,102.33000183105469,102.43000030517578,5627500,0.5097561663964854,0.5202783712792249,0.5239617518722333,0.5358850844998231,0.11641367877209427
2023-07-26,98.0792007446289,101.7300033569336,102.66999816894531,101.30000305175781,102.20999908447266,6568300,0.5008130267887907,0.47521494198410474,0.48282761682281405,0.48843711451851624,0.16072227533685932
2023-07-27,97.16326904296875,100.77999877929688,102.43000030517578,100.54000091552734,102.02999877929688,5373400,0.4934959407586783,0.46538299492290625,0.45247609492014584,0.45055813536094336,0.10444640157491439
2023-07-28,97.61642456054688,101.25,101.83000183105469,100.80999755859375,101.5,5320700,0.471951273597238,0.44080297099392807,0.46325870806689595,0.4692982202638345,0.10196440429710499
2023-07-31,97.92493438720703,101.56999969482422,101.83000183105469,100.86000061035156,101.30999755859375,6377400,0.4642275966382279,0.44080297099392807,0.46525563498101663,0.48205738169948775,0.15173151100414925
2023-08-01,97.62606811523438,101.26000213623047,101.70999908447266,100.4000015258789,101.47000122070312,7784300,0.4707318109485543,0.4358868411873478,0.44688506518653126,0.4696970296156251,0.21799188994437876
2023-08-02,98.46483612060547,102.12999725341797,104.45999908447266,99.29000091552734,100.5,14463100,0.43130086457172556,0.5485455707011293,0.4025559689498279,0.5043858381612787,0.5325414804383763
2023-08-03,98.65765380859375,102.33000183105469,102.9000015258789,101.44999694824219,101.97000122070312,5547500,0.4910570154613101,0.48463744597539327,0.4888177881886375,0.5123605041850641,0.11264594096896799
2023-08-04,97.06687927246094,100.68000030517578,103.1500015258789,100.5199966430664,102.95999908447266,5196700,0.5313008335579248,0.4948791486584647,0.4516772022791904,0.44657095445025297,0.09612441070225924
2023-08-07,98.08882904052734,101.73999786376953,101.86000061035156,100.94000244140625,101.41999816894531,5222700,0.4686991664420752,0.4420319253075822,0.46845059616830076,0.48883561966790223,0.09734892548827528
2023-08-08,97.08615112304688,100.69999694824219,101.41999816894531,99.88999938964844,101.22000122070312,4058400,0.460569208692176,0.42400642856874926,0.42651756847792655,0.44736826895142956,0.042514211436026184
2023-08-09,96.33413696289062,99.91999816894531,101.58000183105469,99.47000122070312,101.0,4494300,0.4516260690844822,0.4305612683108566,0.40974447927708413,0.41626783196467576,0.0630436727908105
2023-08-10,98.53435516357422,101.66000366210938,102.37000274658203,100.4000015258789,100.54000091552734,6844200,0.43292691814930784,0.46292508629559714,0.44688506518653126,0.48564605746079215,0.1737162610853911
2023-08-11,97.88494110107422,100.98999786376953,101.4000015258789,100.13999938964844,101.4000015258789,3179700,0.4678862947222884,0.4231872298769672,0.43650159367199004,0.4589313065341156,0.0011303213409378787
2023-08-14,97.90433502197266,101.01000213623047,101.22000122070312,100.19999694824219,100.4800033569336,3239300,0.4304879928519396,0.4158131914430778,0.4388976622183196,0.45972892523769593,0.00393728600426696
2023-08-15,96.96416473388672,100.04000091552734,100.6500015258789,99.77999877929688,100.12999725341797,3203700,0.41626010158260307,0.39246212182775375,0.4221245730174772,0.42105263157894735,0.002260642681875785
2023-08-16,95.93675994873047,98.9800033569336,100.08999633789062,98.88999938964844,99.61000061035156,3679500,0.39512202535006047,0.36952049528234054,0.3865814677016721,0.3787879663612981,0.024669263265969327
2023-08-17,93.60083770751953,96.56999969482422,99.0999984741211,96.43000030517578,99.0,5291100,0.37032525103345737,0.3289634401719286,0.2883386963546788,0.2826952941409093,0.10057034130994824
2023-08-18,94.24055480957031,97.2300033569336,97.48999786376953,95.79000091552734,96.01000213623047,4125500,0.24878061488581826,0.2630068498887943,0.26277961623293766,0.3090112357157957,0.04567440151839833
2023-08-21,93.49422454833984,96.45999908447266,97.56999969482422,96.16000366210938,97.31999969482422,3753200,0.3020325514650768,0.26628426975984754,0.2775560832079287,0.27830930387842834,0.02814029171709942
2023-08-22,93.1162109375,96.06999969482422,96.73999786376953,95.5999984741211,96.48999786376953,3640500,0.2682926375407795,0.23228174183958084,0.2551916595852033,0.2627590853850519,0.022832491086945267
2023-08-23,92.25357818603516,95.18000030517578,96.55999755859375,94.01000213623047,96.41999816894531,9704500,0.265447121314514,0.22490770340569144,0.19169340560132797,0.2272726581358171,0.30842701656391736
2023-08-24,91.91434478759766,94.83000183105469,95.62999725341797,93.70999908447266,94.75,7824500,0.19756101267503023,0.18680855692258858,0.17971245349314424,0.21331737284719754,0.21988517819044975
2023-08-25,92.54436492919922,95.4800033569336,95.95999908447266,94.51000213623047,95.54000091552734,5360400,0.22967487302174616,0.20032767947671326,0.2116614559894554,0.2392345050702933,0.10383414418190637
2023-08-28,94.056396484375,97.04000091552734,97.19999694824219,95.83000183105469,95.94000244140625,5098900,0.24593509865955276,0.25112643727019623,0.26437709682658017,0.30143537904380047,0.09151835123793736
2023-08-29,96.10152435302734,99.1500015258789,99.2300033569336,97.33999633789062,97.36000061035156,5512300,0.3036586050426582,0.33428932560038094,0.3246803896231705,0.38556620432971256,0.11098813633559243
2023-08-30,96.1887435913086,99.23999786376953,99.72000122070312,99.0,99.0199966430664,4212200,0.3711381227532442,0.3543629753446509,0.3909744631621219,0.38915457588861324,0.04975768736253644
2023-08-31,94.44409942626953,97.44000244140625,99.33000183105469,97.27999877929688,99.0,5624500,0.37032525103345737,0.3383859441632171,0.32228432107684135,0.3173844068889675,0.116272388604477
2023-09-01,94.98687744140625,98.0,98.75,97.04000091552734,98.4000015258789,4747100,0.345935067645752,0.31462511892602185,0.3126997422032556,0.3397128633507589,0.07494972424868954
2023-09-05,93.86254119873047,96.83999633789062,97.80999755859375,96.58999633789062,97.5199966430664,5414300,0.31016250921497557,0.2761162168210469,0.29472831404098,0.2934607130200151,0.1063726575267627
2023-09-06,92.99990844726562,95.94999694824219,96.55000305175781,95.37000274658203,96.41999816894531,5428400,0.265447121314514,0.22449826033578102,0.24600652703209525,0.2579742857707803,0.10703672131456374
2023-09-07,92.17604064941406,95.0999984741211,95.81999969482422,95.0199966430664,95.48999786376953,6404100,0.22764222851526705,0.19459235097835004,0.23202864800979128,0.22408279172630285,0.1529889934959426
2023-09-08,92.35051727294922,95.27999877929688,95.8499984741211,94.75,95.25,4754700,0.21788621718778645,0.19582130529200503,0.22124603486304117,0.23125983904650793,0.07530765933998654
2023-09-11,92.728515625,95.66999816894531,96.2300033569336,95.22000122070312,95.6500015258789,5577500,0.23414644282559305,0.2113888934035284,0.24001605097800338,0.24681005753988483,0.11405884264514035
2023-09-12,93.2809829711914,96.23999786376953,96.51000213623047,95.19999694824219,95.5,5007600,0.22804881944416477,0.22285955040025396,0.23921715833704793,0.26953732335346636,0.08721842047011949
2023-09-13,93.94977569580078,96.93000030517578,97.30000305175781,96.04000091552734,96.19999694824219,5830200,0.25650398170681976,0.25522336838499404,0.27276364142700116,0.2970493887813195,0.12596018443076548
2023-09-14,94.1727066040039,97.16000366210938,97.77999877929688,96.25,96.7699966430664,6039700,0.27967470244584147,0.2748872625073919,0.2811501860274226,0.30622017865807205,0.1358269478027024
2023-09-15,93.27129364013672,96.2300033569336,97.47000122070312,96.05000305175781,97.25,8766700,0.2991870352388113,0.2621876511970114,0.2731630877474793,0.26913881820408037,0.2642597101667695
2023-09-18,93.78500366210938,96.76000213623047,96.97000122070312,96.08999633789062,96.30000305175781,4477500,0.260569270719778,0.24170424583086936,0.27476026365285255,0.290271150812905,0.062252447852153975
2023-09-19,92.3602066040039,95.29000091552734,95.47000122070312,94.2699966430664,95.20999908447266,6803000,0.21626016361020506,0.1802540297324433,0.2020765724276008,0.23165864839829808,0.17177587611678105
2023-09-20,92.23419952392578,95.16000366210938,96.62000274658203,95.05000305175781,95.44999694824219,4572100,0.22601617493768567,0.2273659245849622,0.2332269869712249,0.2264753436346405,0.0667077978043508
2023-09-21,90.23753356933594,93.0999984741211,95.31999969482422,93.02999877929688,95.16000366210938,6108800,0.21422782924173456,0.17410894561220802,0.1525558927777606,0.14433795670287175,0.13908133133015274
2023-09-22,90.7997055053711,93.68000030517578,94.33999633789062,93.37000274658203,93.43000030517578,5118900,0.14390248516687443,0.13396133357170648,0.16613432547958684,0.16746403186824388,0.09246028568871892
2023-09-25,89.88859558105469,92.73999786376953,93.47000122070312,92.25,92.88999938964844,4818800,0.12195122707653683,0.0983204082678748,0.12140578292240534,0.1299838620624616,0.07832655925474147
2023-09-26,89.17134857177734,92.0,92.48999786376953,91.18000030517578,92.0,6086600,0.08577238785487173,0.058172796227372814,0.07867416727934406,0.10047835828046559,0.1380357840897852
2023-09-27,88.36686706542969,91.16999816894531,92.7300033569336,90.37999725341797,92.45999908447266,4731500,0.10447153879004656,0.0680050558405334,0.0467251647830329,0.06738417873716429,0.07421501537707992
2023-09-28,88.27964782714844,91.08000183105469,91.38999938964844,90.20999908447266,91.16999816894531,4736300,0.05203247393057442,0.01310936693225262,0.03993610077625398,0.06379580717826405,0.0744410796452675
2023-09-29,88.46379852294922,91.2699966430664,93.05999755859375,90.83999633789062,92.61000061035156,7698600,0.11056916217147483,0.08152386584269644,0.06509573457751738,0.07137135964785513,0.21395570082277973
2023-10-02,88.32810974121094,91.12999725341797,91.73999786376953,90.79000091552734,91.05000305175781,6430500,0.04715462333583842,0.02744768817815979,0.06309911235166599,0.06578924553240739,0.1542323469709743
2023-10-03,86.72884368896484,89.4800033569336,91.06999969482422,89.20999908447266,90.5,6666600,0.0247967743166031,0.0,0.0,0.0,0.16535188316245072
2023-10-04,88.34749603271484,91.1500015258789,91.43000030517578,89.80999755859375,89.88999938964844,6166100,0.0,0.014748076867779236,0.02396159952809862,0.06658686423598814,0.14177997353164193
2023-10-05,89.52999114990234,92.37000274658203,93.05000305175781,91.13999938964844,91.13999938964844,7548600,0.05081301128189031,0.08111442277278602,0.07707668668570156,0.11523126227266545,0.20689119244191798
2023-10-06,89.99522399902344,92.8499984741211,93.33999633789062,91.68000030517578,92.0,6978900,0.08577238785487173,0.092994522839422,0.09864221766747105,0.13436985232494303,0.18006018961140494
2023-10-09,89.8304443359375,92.68000030517578,92.79000091552734,91.43000030517578,92.44999694824219,4120700,0.10406494786114884,0.07046296446784295,0.08865819247340756,0.1275916143565281,0.045448337250210774
2023-10-10,90.31507873535156,93.18000030517578,93.97000122070312,92.87000274658203,92.95999908447266,4974800,0.12479674330280233,0.11880381363401682,0.14616627509145985,0.147527823112386,0.08567364797083771
2023-10-11,89.12288665771484,91.94999694824219,93.62999725341797,91.8499984741211,93.29000091552734,4499200,0.13821145271434343,0.10487493545802007,0.10543128167424953,0.09848461572391809,0.06327444673125199
2023-10-12,88.60919189453125,91.41999816894531,92.25,90.7699966430664,91.83999633789062,5485200,0.07926817354454574,0.04834084916617387,0.062300219710710536,0.07735228311509346,0.10971181515478337
2023-10-13,88.66734313964844,91.4800033569336,92.05999755859375,91.05000305175781,91.27999877929688,4780100,0.05650404373442175,0.04055705511041241,0.07348258386620765,0.0797448350234311,0.07650391609247914
2023-10-16,90.77062225341797,93.6500015258789,93.86000061035156,91.8499984741211,92.16999816894531,4595900,0.09268288295608684,0.11429743944930859,0.10543128167424953,0.16626790801527713,0.06782869980078088
2023-10-17,91.28433227539062,94.18000030517578,94.19000244140625,92.62999725341797,92.75,6086700,0.11626019462400583,0.12781656200343328,0.13658139152960524,0.18740024062410177,0.1380404937620391
2023-10-18,90.86754608154297,93.75,94.52999877929688,93.5,93.94000244140625,4110700,0.16463428060852836,0.14174512762746838,0.17132590889272326,0.17025508892596752,0.04497737002481997
2023-10-19,91.51695251464844,94.41999816894531,95.66000366210938,94.16999816894531,94.37000274658203,5610800,0.18211396889501863,0.18803782378820477,0.19808302328762917,0.19696953565024033,0.11562716350569166
2023-10-20,91.29402923583984,94.19000244140625,95.08999633789062,94.13999938964844,94.62000274658203,4698000,0.19227657115139696,0.1646864416209195,0.19688498901446438,0.18779904997589192,0.07263727517202079
2023-10-23,91.3037109375,94.19999694824219,95.02999877929688,93.29000091552734,93.93000030517578,4481000,0.16422768967963064,0.1622285329936104,0.16293936429230182,0.18819755512527792,0.06241728638104074
2023-10-24,91.71080017089844,94.62000274658203,94.9800033569336,94.05999755859375,94.27999877929688,3600200,0.17845527081095813,0.16018037998817292,0.19369002782717937,0.20494420167402572,0.020934493168620394
2023-10-25,91.10986328125,94.0,95.36000061035156,93.97000122070312,94.31999969482422,5497300,0.18008132438853997,0.17574765554773508,0.19009592500768546,0.1802231933038967,0.11028168549750625
2023-10-26,89.82075500488281,92.66999816894531,94.4800033569336,92.5999984741211,93.80999755859375,6201700,0.15934952894688603,0.1396969746220309,0.13538335725644046,0.12719280500473795,0.14345661685403313
2023-10-27,89.19073486328125,92.0199966430664,93.7300033569336,91.7699966430664,92.63999938964844,8293600,0.11178862482015894,0.10897186657281788,0.10223632048696496,0.10127567278164173,0.2419782507335315
2023-10-30,90.28600311279297,93.1500015258789,93.70999908447266,92.72000122070312,93.12000274658203,7852700,0.13130095761312832,0.10815235532907375,0.140175799037368,0.14633169925941925,0.22121330576605178
2023-10-31,89.40397644042969,92.23999786376953,93.31999969482422,92.0,93.16999816894531,9308300,0.13333329198159927,0.09217532414763951,0.11142175772834184,0.11004765330660415,0.2897672950939344
2023-11-01,88.54132843017578,91.3499984741211,91.86000061035156,90.55000305175781,91.83000183105469,14292500,0.07886189275365663,0.032363817984740084,0.05351453347808066,0.07456122605736937,0.5245067795732096
2023-11-02,96.93508911132812,100.01000213623047,101.91999816894531,99.73999786376953,100.98999786376953,23396300,0.4512194781555845,0.44448983393489216,0.4205270924238347,0.4198565077259806,0.9532659222244725
2023-11-03,99.4939193725586,102.6500015258789,103.7699966430664,100.5,100.62000274658203,15994400,0.4361790253044706,0.5202783712792249,0.45087861432650334,0.5251196656207173,0.6046606916624673
2023-11-06,100.83148193359375,104.02999877929688,104.08999633789062,101.97000122070312,102.87000274658203,7532000,0.5276424456118729,0.5333877382114776,0.50958473121772,0.580143492274019,0.20610938684776928
2023-11-07,100.49224090576172,103.68000030517578,104.38999938964844,103.33000183105469,104.2300033569336,6239500,0.5829270266976101,0.5456779064519481,0.5638978526484872,0.5661882069853994,0.14523687296601032
2023-11-08,101.09317779541016,104.30000305175781,104.81999969482422,103.6500015258789,103.73999786376953,7453000,0.5630081029757434,0.5632936475689081,0.576677392709358,0.5909092153555284,0.20238874576718205
2023-11-09,99.63130950927734,102.2300033569336,104.45999908447266,102.02999877929688,104.30000305175781,7607000,0.585772542923876,0.5485455707011293,0.5119807997640495,0.5083733232743737,0.20964164103820018
2023-11-10,101.67793273925781,104.33000183105469,104.3499984741211,101.9800033569336,102.5999984741211,7338500,0.5166666614977,0.5440391965164211,0.5099841775381981,0.5921053392084956,0.19699617103645758
2023-11-13,100.8787841796875,103.51000213623047,104.2300033569336,102.95999908447266,103.91999816894531,7120800,0.5703251890058558,0.539123379261802,0.5491213856734967,0.5594099690169849,0.1867432145397002
2023-11-14,102.9156494140625,105.5999984741211,105.81999969482422,104.23999786376953,104.4800033569336,8323000,0.5930896289539884,0.604260458301193,0.6002395459169789,0.6427431755993163,0.2433628943761804
2023-11-15,103.33470916748047,106.02999877929688,106.54000091552734,105.66000366210938,105.66000366210938,7980200,0.6410571240096132,0.6337566120367515,0.6569490405823442,0.6598883272974505,0.22721813788978426
2023-11-16,104.48471069335938,107.20999908447266,107.66000366210938,106.19999694824219,106.27999877929688,8037200,0.6662601791171054,0.6796395525756158,0.6785142668758453,0.7069377921293714,0.22990265107451172
2023-11-17,102.88640594482422,105.56999969482422,107.5,105.4800033569336,107.18000030517578,6341800,0.7028456092676683,0.6730847128335085,0.649760530255088,0.64154705174635,0.15005486768175805
2023-11-20,101.64868927001953,104.30000305175781,105.47000122070312,103.86000061035156,105.20999908447266,9799500,0.622764253865328,0.5899221370552854,0.5850639373097795,0.5909092153555284,0.31290120520512976
2023-11-21,101.05420684814453,103.69000244140625,104.68000030517578,103.16999816894531,104.44999694824219,6149000,0.5918698561672961,0.5575583190705458,0.5575079302739181,0.56658701633719,0.14097461957622368
2023-11-22,100.810546875,103.44000244140625,104.68000030517578,103.27999877929688,104.16000366210938,4828700,0.580081510471345,0.5575583190705458,0.5619009257343675,0.5566189119592608,0.07879281680787834
2023-11-24,100.1673355102539,102.77999877929688,103.5999984741211,102.47000122070312,103.44000244140625,3206400,0.5508131663508946,0.5133140884672076,0.529552781605847,0.5303029703843749,0.0023878038327312945
2023-11-27,99.75800323486328,102.36000061035156,103.08999633789062,102.06999969482422,102.29000091552734,7853600,0.5040651339439535,0.4924209274791935,0.513578280357692,0.5135566280380313,0.22125569281633692
2023-11-28,98.60800170898438,101.18000030517578,102.05000305175781,100.88999938964844,101.95999908447266,6848100,0.49065042453241325,0.4498157193633445,0.46645366925418097,0.4665071632061104,0.1738999383032935
2023-11-29,97.31181335449219,99.8499984741211,101.69000244140625,99.52999877929688,101.51000213623047,8428500,0.4723578645261357,0.43506764249556484,0.4121405478234137,0.4134767749069521,0.24833159860405316
2023-11-30,96.77580261230469,99.30000305175781,100.12000274658203,98.41999816894531,100.05999755859375,11442600,0.413414585356338,0.37074976214795674,0.3678114515867099,0.3915471277969509,0.3902858300090897
2023-12-01,96.67832946777344,99.19999694824219,99.27999877929688,97.5199966430664,98.5,12503900,0.3500000465207016,0.336337478605818,0.3318688999504271,0.3875596426838559,0.4402695816398138
2023-12-04,95.11900329589844,97.5999984741211,98.87999725341797,96.7699966430664,98.38999938964844,11477400,0.34552847671685427,0.3199506918025121,0.3019168243682362,0.32376383550559185,0.39192479595344965
2023-12-05,93.11137390136719,95.54000091552734,97.4800033569336,94.8499984741211,97.37999725341797,16027300,0.30447147676244457,0.2625974068188839,0.2252395840030128,0.24162675277622725,0.606210173834003
2023-12-06,94.55374145507812,97.0199966430664,97.16999816894531,95.47000122070312,95.94999694824219,12115000,0.24634137945044188,0.24989748295654168,0.2500000761720673,0.3006377603402197,0.42195366624436614
2023-12-07,93.98848724365234,96.44000244140625,97.69999694824219,96.2699966430664,97.25,7858300,0.2991870352388113,0.2716098426363387,0.2819487739801092,0.2775119893772522,0.22147704741227062
2023-12-08,94.15416717529297,96.61000061035156,96.86000061035156,95.80999755859375,96.08000183105469,7124400,0.25162613111208376,0.23719787164616113,0.2635782041856247,0.28429022734566667,0.18691276274084087
2023-12-11,95.62579345703125,98.12000274658203,99.01000213623047,97.22000122070312,97.22000122070312,7639100,0.2979675725901272,0.3252765772309645,0.31988825253051223,0.3444976629650305,0.21115344583170456
2023-12-12,95.65502166748047,98.1500015258789,98.5999984741211,97.43000030517578,98.44000244140625,6313800,0.3475611212233334,0.30848003480578656,0.3282747971309332,0.34569378681799723,0.14873615945066385
2023-12-13,95.61604309082031,98.11000061035156,98.63999938964844,96.81999969482422,98.5,7741900,0.3500000465207016,0.3101187447413136,0.3039137512823564,0.3440988536132399,0.21599498890872185
2023-12-14,95.35289764404297,97.83999633789062,98.79000091552734,97.1500015258789,98.72000122070312,9764800,0.3589431861283954,0.316263828861548,0.31709273766370494,0.3333331305317304,0.31126694893302376
2023-12-15,94.29060363769531,96.75,98.23999786376953,96.55999755859375,97.83999633789062,12463800,0.3231706276976194,0.2937319579380069,0.2935302797678152,0.2898723414611144,0.4383810030659967
2023-12-18,94.10543823242188,96.55999755859375,97.31999969482422,95.91999816894531,97.23999786376953,6146400,0.2987804443099136,0.25604256707677653,0.2679711996460741,0.2822964847891192,0.1408521680976221
2023-12-19,95.2359619140625,97.72000122070312,98.05000305175781,96.94000244140625,96.94000244140625,5992900,0.28658550768506474,0.2859484764342075,0.30870619306328395,0.32854863511986343,0.13362282118787353
2023-12-20,92.3024673461914,94.70999908447266,96.87999725341797,94.6500015258789,96.36000061035156,10057400,0.26300819601714576,0.23801707033794361,0.21725248572306954,0.2085325732329264,0.3250474499479581
2023-12-21,92.9067153930664,95.33000183105469,95.44000244140625,94.47000122070312,95.08000183105469,7097200,0.21097572208657134,0.17902507541878832,0.2100639753958129,0.23325358160305543,0.18563173188777796
2023-12-22,92.85798645019531,95.27999877929688,95.83000183105469,94.33999633789062,94.88999938964844,6360400,0.20325204512756168,0.19500210660022255,0.20487208729440765,0.23125983904650793,0.1509308667209849
2023-12-26,93.23806762695312,95.66999816894531,95.69000244140625,94.95999908447266,95.33999633789062,3709500,0.22154460513383878,0.18926677810185932,0.22963257946346216,0.24681005753988483,0.02608216494214169
2023-12-27,92.86772918701172,95.29000091552734,95.77999877929688,94.79000091552734,95.69000244140625,4959300,0.23577249640317444,0.19295364104282342,0.22284351545668324,0.23165864839829808,0.084943648771482
2023-12-28,93.491455078125,95.93000030517578,95.97000122070312,95.11000061035156,95.5,4518300,0.22804881944416477,0.20073743509858533,0.23562305551755403,0.2571769712696037,0.06417399413174837
2023-12-29,93.56942749023438,96.01000213623047,96.3499984741211,95.3499984741211,95.87999725341797,6134000,0.24349586322417638,0.21630471065814705,0.2452076343911398,0.26036683767911795,0.14026816873813755
